{
    "moving_average_30": {
        "mse": 61.2280487049941,
        "rmse": 7.8248353787791665,
        "mae": 6.351507010677012,
        "r2": 0.876859458110821,
        "mape": 8.747928540489507
    },
    "arima_1_1_1": {
        "mse": 990.3638369848842,
        "rmse": 31.47004666321428,
        "mae": 25.513795694998016,
        "r2": -0.9917985650883219,
        "mape": 41.26083473107369
    },
    "lstm_30_10_32": {
        "mse": 34.526773311618825,
        "rmse": 5.875948715877192,
        "mae": 4.645131013828914,
        "r2": 0.9300683060813777,
        "mape": 6.479750845237262
    }
}